,排名,球员,球队,得分,命中-出手,命中率,命中-三分,三分命中率,命中-罚球,罚球命中率,场次,上场时间
1,1,斯蒂芬-库里,勇士,32.00,10.40-21.70,48.2%,5.30-12.70,42.1%,5.80-6.30,91.6%,63,34.20
2,2,布拉德利-比尔,奇才,31.30,11.20-23.00,48.5%,2.20-6.20,34.9%,6.80-7.70,88.9%,60,35.80
3,3,达米安-利拉德,开拓者,28.80,9.00-19.90,45.1%,4.10-10.50,39.1%,6.70-7.20,92.8%,67,35.80
4,4,乔尔-恩比德,76人,28.50,9.00-17.60,51.3%,1.10-3.00,37.7%,9.20-10.80,85.9%,51,31.10
5,5,扬尼斯-阿德托昆博,雄鹿,28.10,10.30-18.00,56.9%,1.10-3.60,30.3%,6.50-9.50,68.5%,61,33.00
6,6,卢卡-东契奇,独行侠,27.70,9.80-20.50,47.9%,2.90-8.30,35%,5.20-7.10,73%,66,34.30
7,7,扎克-拉文,公牛,27.40,9.80-19.40,50.7%,3.50-8.20,41.9%,4.40-5.10,84.9%,58,35.10
8,8,蔡恩-威廉森,鹈鹕,27.00,10.40-17.00,61.1%,0.20-0.60,29.4%,6.10-8.70,69.8%,61,33.20
9,9,凯里-欧文,篮网,26.90,10.20-20.10,50.6%,2.80-7.00,40.2%,3.70-4.00,92.2%,54,34.90
10,10,杰森-塔特姆,凯尔特人,26.40,9.40-20.60,45.9%,2.90-7.60,38.6%,4.60-5.30,86.8%,64,35.80
11,10,尼古拉-约基奇,掘金,26.40,10.20-18.00,56.6%,1.30-3.30,38.8%,4.80-5.50,86.8%,72,34.60
12,10,多诺万-米切尔,爵士,26.40,9.00-20.60,43.8%,3.40-8.70,38.6%,5.00-6.00,84.5%,53,33.40
13,13,德文-布克,太阳,25.60,9.30-19.20,48.4%,1.90-5.50,34%,5.10-5.80,86.7%,67,33.90
14,14,特雷-杨,老鹰,25.30,7.70-17.60,43.8%,2.20-6.30,34.3%,7.70-8.70,88.6%,63,33.70
15,15,达龙-福克斯,国王,25.20,9.10-19.10,47.7%,1.80-5.50,32.2%,5.20-7.20,71.9%,58,35.10
16,16,科怀-伦纳德,快船,24.80,8.90-17.50,51.2%,1.90-4.90,39.8%,5.00-5.70,88.5%,52,34.10
17,17,杰伦-布朗,凯尔特人,24.70,9.30-19.20,48.4%,2.80-7.10,39.7%,3.30-4.30,76.4%,58,34.50
18,18,科林-塞克斯顿,骑士,24.30,8.80-18.40,47.5%,1.60-4.40,37.1%,5.20-6.40,81.5%,60,35.30
19,19,朱利叶斯-兰德尔,尼克斯,24.10,8.50-18.60,45.6%,2.20-5.50,41.1%,4.90-6.00,81.1%,71,37.60
20,20,布兰登-英格拉姆,鹈鹕,23.80,8.40-18.00,46.6%,2.30-6.20,38.1%,4.60-5.20,87.8%,61,34.30
21,21,保罗-乔治,快船,23.30,8.20-17.60,46.7%,3.20-7.70,41.1%,3.70-4.20,86.8%,54,33.70
22,22,杰拉米-格兰特,活塞,22.30,7.40-17.30,42.9%,2.10-6.10,35%,5.40-6.30,84.5%,54,33.90
23,23,拉塞尔-威斯布鲁克,奇才,22.20,8.40-19.00,43.9%,1.30-4.20,31.5%,4.20-6.30,65.6%,65,36.40
24,24,德马尔-德罗赞,马刺,21.60,7.50-15.10,49.5%,0.30-1.20,25.7%,6.30-7.20,88%,61,33.70
25,25,吉米-巴特勒,热火,21.50,7.00-14.10,49.7%,0.50-2.00,24.5%,6.90-8.00,86.3%,52,33.60
26,26,帕斯卡尔-西亚卡姆,猛龙,21.40,7.80-17.20,45.5%,1.30-4.40,29.7%,4.40-5.40,82.7%,56,35.80
27,27,马尔科姆-布罗格登,步行者,21.20,7.90-17.50,45.3%,2.60-6.70,38.8%,2.70-3.20,86.4%,56,34.50
28,28,特里-罗齐尔,黄蜂,20.40,7.40-16.40,45%,3.20-8.30,38.9%,2.40-2.90,81.7%,69,34.50
29,28,克里斯-米德尔顿,雄鹿,20.40,7.50-15.80,47.6%,2.20-5.40,41.4%,3.10-3.50,89.8%,68,33.40
30,30,多曼塔斯-萨博尼斯,步行者,20.30,7.80-14.60,53.5%,0.80-2.60,32.1%,3.90-5.30,73.2%,62,36.00
31,31,弗雷德-范弗利特,猛龙,19.60,6.50-16.70,38.9%,3.30-9.10,36.6%,3.20-3.70,88.5%,52,36.50
32,32,托拜厄斯-哈里斯,76人,19.50,7.60-14.90,51.2%,1.30-3.30,39.4%,2.90-3.30,89.2%,62,32.50
33,33,安东尼-爱德华兹,森林狼,19.30,7.00-16.80,41.7%,2.40-7.20,32.9%,2.90-3.80,77.6%,72,32.10
34,34,贾-莫兰特,灰熊,19.10,6.80-15.20,44.9%,1.20-3.80,30.3%,4.30-5.90,72.8%,63,32.60
35,35,小迈克尔-波特,掘金,19.00,7.30-13.40,54.2%,2.80-6.30,44.5%,1.70-2.20,79.1%,61,31.30
36,36,巴姆-阿德巴约,热火,18.70,7.10-12.50,57%,0.00-0.10,25%,4.40-5.50,79.9%,64,33.50
37,37,安德鲁-威金斯,勇士,18.60,7.10-14.90,47.7%,2.00-5.20,38%,2.40-3.30,71.4%,71,33.30
38,38,乔丹-克拉克森,爵士,18.40,6.70-15.80,42.5%,3.10-8.80,34.7%,1.90-2.10,89.6%,68,26.70
39,39,朱-霍勒迪,雄鹿,17.70,7.00-13.90,50.3%,1.90-4.80,39.2%,1.80-2.30,78.7%,59,32.30
40,40,RJ-巴雷特,尼克斯,17.60,6.50-14.70,44.1%,1.70-4.30,40.1%,2.90-3.80,74.6%,72,34.90
41,40,约翰-科林斯,老鹰,17.60,6.80-12.20,55.6%,1.30-3.30,39.9%,2.70-3.20,83.3%,63,29.30
42,42,达里厄斯-加兰,骑士,17.40,6.70-14.90,45.1%,1.90-4.90,39.5%,2.10-2.40,84.8%,54,33.10
43,43,狄龙-布鲁克斯,灰熊,17.20,6.50-15.40,41.9%,1.90-5.60,34.4%,2.40-2.90,81.5%,67,29.80
44,44,约纳斯-瓦兰丘纳斯,灰熊,17.10,7.10-12.00,59.2%,0.30-0.90,36.8%,2.50-3.30,77.3%,62,28.30
45,45,博扬-波格丹诺维奇,爵士,17.00,5.60-12.90,43.9%,2.50-6.40,39%,3.20-3.70,87.9%,72,30.80
46,46,小蒂姆-哈达威,独行侠,16.60,5.80-13.00,44.7%,3.00-7.60,39.1%,2.00-2.50,81.6%,70,28.40
47,46,巴迪-希尔德,国王,16.60,5.70-14.00,40.6%,4.00-10.10,39.1%,1.20-1.50,84.6%,71,34.30
48,48,克里斯-保罗,太阳,16.40,6.30-12.60,49.9%,1.50-3.70,39.5%,2.40-2.60,93.4%,70,31.40
49,49,迈克-康利,爵士,16.20,5.60-12.60,44.4%,2.70-6.60,41.2%,2.40-2.80,85.2%,51,29.40
50,50,哈里森-巴恩斯,国王,16.10,5.50-11.10,49.7%,1.70-4.40,39.1%,3.40-4.10,83%,58,36.20
1,51,拉梅洛-鲍尔,黄蜂,15.70,5.80-13.20,43.6%,1.80-5.10,35.2%,2.50-3.20,75.8%,51,28.80
2,51,德章泰-默里,马刺,15.70,6.60-14.50,45.3%,0.90-3.00,31.7%,1.60-2.00,79.1%,67,31.90
3,53,丹尼斯-施罗德,湖人,15.40,5.40-12.50,43.7%,1.20-3.50,33.5%,3.40-4.00,84.8%,61,32.10
4,53,凯利-乌布雷,勇士,15.40,5.80-13.20,43.9%,1.60-5.20,31.6%,2.20-3.20,69.5%,55,30.70
5,55,克林特-卡佩拉,老鹰,15.20,6.60-11.00,59.4%,0.00-0.00,0%,2.10-3.60,57.3%,63,30.10
6,56,科比-怀特,公牛,15.10,5.40-13.10,41.6%,2.40-6.60,35.9%,1.90-2.10,90.1%,69,31.20
7,56,泰勒-希罗,热火,15.10,5.70-12.90,43.9%,2.00-5.50,36%,1.70-2.20,80.3%,54,30.30
8,58,德文特-格雷厄姆,黄蜂,14.80,4.60-12.20,37.7%,3.20-8.70,37.5%,2.40-2.90,84.2%,55,30.20
9,59,朗佐-鲍尔,鹈鹕,14.60,5.30-12.70,41.4%,3.10-8.30,37.8%,0.90-1.20,78.1%,55,31.80
10,59,肯德里克-纳恩,热火,14.60,5.70-11.80,48.5%,2.20-5.70,38.1%,1.00-1.10,93.3%,56,29.50
11,61,德安德烈-艾顿,太阳,14.40,6.20-10.00,62.6%,0.10-0.30,20%,1.90-2.50,76.9%,69,30.70
12,62,本-西蒙斯,76人,14.30,5.60-10.10,55.7%,0.10-0.20,30%,3.00-4.90,61.3%,58,32.40
13,62,鲁迪-戈贝尔,爵士,14.30,5.50-8.10,67.5%,0.00-0.10,0%,3.30-5.30,62.3%,71,30.80
14,64,里乔恩-霍姆斯,国王,14.20,6.00-9.40,63.7%,0.00-0.20,18.2%,2.20-2.80,79.4%,61,29.20
15,65,乔-哈里斯,篮网,14.10,5.20-10.20,50.5%,3.10-6.40,47.5%,0.70-0.90,77.8%,69,31.00
16,66,吕冈茨-多尔特,雷霆,14.00,4.80-12.30,38.7%,2.20-6.30,34.3%,2.30-3.20,74.4%,52,29.70
17,67,八村垒,奇才,13.80,5.40-11.40,47.8%,0.80-2.40,32.8%,2.20-2.80,77%,57,31.50
18,68,达里厄斯-贝兹利,雷霆,13.70,5.00-12.60,39.6%,1.50-5.20,29%,2.30-3.20,70.2%,55,31.20
19,69,克里斯-布歇,猛龙,13.60,4.80-9.30,51.4%,1.50-3.90,38.3%,2.50-3.20,78.8%,60,24.20
20,69,道格-麦克德莫特,步行者,13.60,5.40-10.10,53.2%,1.70-4.30,38.8%,1.20-1.50,81.6%,66,24.50
21,69,劳里-马尔卡宁,公牛,13.60,4.90-10.20,48%,2.30-5.80,40.2%,1.50-1.80,82.6%,51,25.80
22,72,米卡尔-布里奇斯,太阳,13.50,5.00-9.30,54.3%,1.90-4.40,42.5%,1.50-1.80,84%,72,32.60
23,72,蒙特雷兹-哈勒尔,湖人,13.50,5.40-8.70,62.2%,0.00-0.10,0%,2.60-3.70,70.7%,69,22.90
24,74,约什-杰克逊,活塞,13.40,4.80-11.40,41.9%,1.20-4.20,30%,2.60-3.50,72.9%,62,25.20
25,74,卡梅罗-安东尼,开拓者,13.40,4.70-11.30,42.1%,1.90-4.70,40.9%,2.00-2.20,89%,69,24.50
26,74,马库斯-莫里斯,快船,13.40,4.80-10.20,47.3%,2.50-5.20,47.3%,1.30-1.60,82%,57,26.40
27,77,达尼罗-加里纳利,老鹰,13.30,4.00-9.30,43.4%,2.00-5.00,40.6%,3.20-3.40,92.5%,51,24.00
28,78,邓肯-罗宾逊,热火,13.10,4.40-10.00,43.9%,3.50-8.50,40.8%,0.90-1.00,82.7%,72,31.40
29,79,泰雷斯-哈利伯顿,国王,13.00,5.00-10.70,47.2%,2.10-5.10,40.9%,0.80-1.00,85.7%,58,30.10
30,79,谢克-米尔顿,76人,13.00,4.80-10.60,45%,1.10-3.20,35%,2.30-2.80,83%,63,23.20
31,81,PJ-华盛顿,黄蜂,12.90,4.70-10.70,44%,1.80-4.50,38.6%,1.70-2.30,74.5%,64,30.50
32,81,凯尔-库兹马,湖人,12.90,4.90-11.10,44.3%,2.00-5.60,36.1%,1.00-1.40,69.1%,68,28.70
33,83,凯尔登-约翰逊,马刺,12.80,4.90-10.20,47.9%,0.90-2.60,33.1%,2.10-2.80,74%,69,28.50
34,84,迈尔斯-布里奇斯,黄蜂,12.70,4.70-9.40,50.3%,1.80-4.40,40%,1.50-1.70,86.7%,66,29.30
35,84,威尔-巴顿,掘金,12.70,4.60-10.90,42.6%,1.80-4.60,38.1%,1.70-2.20,78.5%,56,31.00
36,86,杰伦-布伦森,独行侠,12.60,4.80-9.20,52.3%,1.20-2.90,40.5%,1.80-2.20,79.5%,68,25.00
37,87,塞思-库里,76人,12.50,4.50-9.70,46.7%,2.20-4.90,45%,1.20-1.40,89.6%,57,28.70
38,88,凯尔-安德森,灰熊,12.40,4.50-9.50,46.8%,1.40-3.80,36%,2.10-2.70,78.3%,69,27.30
39,89,布鲁克-洛佩斯,雄鹿,12.30,4.60-9.10,50.3%,1.40-4.00,33.8%,1.70-2.00,84.5%,70,27.20
40,90,萨迪克-贝,活塞,12.20,4.00-9.90,40.4%,2.50-6.60,38%,1.80-2.10,84.4%,70,27.30
41,90,埃里克-布莱索,鹈鹕,12.20,4.30-10.30,42.1%,1.70-5.00,34.1%,1.90-2.80,68.7%,71,29.70
42,92,约什-理查德森,独行侠,12.10,4.50-10.50,42.7%,1.50-4.50,33%,1.70-1.80,91.7%,59,30.30
43,92,赛迪斯-杨,公牛,12.10,5.40-9.70,55.9%,0.20-0.70,26.7%,1.00-1.70,62.8%,68,24.30
44,92,乔-英格尔斯,爵士,12.10,4.10-8.40,48.9%,2.70-6.10,45.1%,1.10-1.30,84.4%,67,27.90
45,95,乔丹-普尔,勇士,12.00,4.00-9.30,43.2%,1.90-5.40,35.1%,2.10-2.30,88.2%,51,19.40
46,96,凯文-赫尔特,老鹰,11.90,4.60-10.60,43.2%,2.00-5.60,36.3%,0.70-0.90,78.1%,69,30.80
47,97,戴维斯-贝尔坦斯,奇才,11.50,3.40-8.40,40.4%,3.00-7.50,39.5%,1.80-2.00,87%,57,25.70
48,98,伊曼纽尔-奎克利,尼克斯,11.40,3.60-9.10,39.5%,1.80-4.70,38.9%,2.40-2.70,89.1%,64,19.40
49,98,博比-波蒂斯,雄鹿,11.40,4.70-9.10,52.3%,1.10-2.40,47.1%,0.80-1.10,74%,66,20.80
50,98,鲁迪-盖伊,马刺,11.40,4.20-10.00,42%,1.70-4.40,38.1%,1.30-1.60,80.4%,63,21.60
1,101,杰肖恩-泰特,火箭,11.30,4.50-8.90,50.6%,0.90-2.80,30.8%,1.50-2.10,69.4%,70,29.20
2,102,纳兹-里德,森林狼,11.20,4.30-8.30,52.3%,0.90-2.50,35.1%,1.60-2.40,69.3%,70,19.20
3,102,朗尼-沃克,马刺,11.20,4.30-10.10,42%,1.70-4.70,35.5%,0.90-1.20,81.4%,60,25.40
4,102,埃内斯-坎特,开拓者,11.20,4.70-7.80,60.4%,0.00-0.10,25%,1.80-2.30,77.4%,72,24.40
5,105,杰夫-格林,篮网,11.00,3.80-7.80,49.2%,1.50-3.70,41.2%,1.80-2.40,77.6%,68,27.00
6,106,雷吉-布洛克,尼克斯,10.90,3.80-8.60,44.2%,2.50-6.10,41%,0.80-0.90,90.9%,65,30.00
7,106,德维恩-培根,魔术,10.90,4.10-10.10,40.2%,0.80-2.90,28.5%,2.00-2.40,82.4%,72,25.70
8,108,帕蒂-米尔斯,马刺,10.80,3.70-9.00,41.2%,2.40-6.30,37.5%,1.00-1.10,91%,68,24.80
9,109,雷吉-杰克逊,快船,10.70,3.90-8.70,45%,1.80-4.20,43.3%,1.00-1.20,81.7%,67,23.00
10,110,贾斯廷-霍勒迪,步行者,10.50,3.60-8.70,41.3%,2.40-6.30,38.2%,0.90-1.20,78.8%,72,30.30
11,111,梅森-普拉姆利,活塞,10.40,4.20-6.80,61.4%,0.00-0.10,0%,2.00-3.00,66.9%,56,26.80
12,111,唐特-迪温琴佐,雄鹿,10.40,3.80-9.10,42%,2.00-5.20,37.9%,0.80-1.10,71.8%,66,27.50
13,111,切迪-奥斯曼,骑士,10.40,3.70-9.90,37.4%,1.70-5.50,30.6%,1.30-1.60,80%,59,25.60
14,114,布兰登-克拉克,灰熊,10.30,4.30-8.40,51.7%,0.30-1.30,26%,1.30-1.90,69%,59,24.00
15,115,杰-克劳德,太阳,10.10,3.30-8.20,40.4%,2.50-6.30,38.9%,0.90-1.20,76%,60,27.50
16,115,泰奥-马勒东,雷霆,10.10,3.50-9.40,36.8%,1.60-4.80,33.5%,1.50-2.10,74.8%,65,27.40
17,115,埃尔弗里德-佩顿,尼克斯,10.10,4.30-9.90,43.2%,0.40-1.60,28.6%,1.20-1.70,68.2%,63,23.60
18,118,布林-福布斯,雄鹿,10.00,3.60-7.60,47.3%,2.20-4.90,45.2%,0.70-0.90,77%,70,19.30
19,119,多里安-芬尼-史密斯,独行侠,9.80,3.70-7.80,47.2%,2.00-5.00,39.4%,0.50-0.70,75.6%,60,32.00
20,120,肯塔维厄斯-考德威尔-波普,湖人,9.70,3.20-7.60,43.1%,1.80-4.40,41%,1.50-1.70,86.6%,67,28.40
21,121,艾萨克-奥科罗,骑士,9.60,3.50-8.30,42%,0.90-3.20,29%,1.70-2.30,72.6%,67,32.40
22,121,卡梅伦-约翰逊,太阳,9.60,3.40-8.10,42%,2.00-5.60,34.9%,0.80-1.00,84.7%,60,24.00
23,123,丹尼-格林,76人,9.50,3.20-7.90,41.2%,2.50-6.30,40.5%,0.40-0.60,77.5%,69,28.00
24,124,兰德里-沙梅特,篮网,9.30,3.00-7.50,40.8%,2.10-5.50,38.7%,1.10-1.30,84.6%,61,23.00
25,125,帕特里克-威廉姆斯,公牛,9.20,3.60-7.40,48.3%,0.80-1.90,39.1%,1.30-1.80,72.8%,71,27.90
26,125,德斯蒙德-贝恩,灰熊,9.20,3.40-7.30,46.9%,1.70-4.00,43.2%,0.60-0.70,81.6%,68,22.30
27,127,丹东尼-梅尔顿,灰熊,9.10,3.30-7.60,43.8%,1.70-4.10,41.2%,0.80-1.00,80.4%,52,20.10
28,127,富尔坎-科尔克马兹,76人,9.10,3.10-7.70,40.1%,1.80-4.90,37.5%,1.10-1.50,73.2%,55,19.30
29,129,保罗-米尔萨普,掘金,9.00,3.40-7.20,47.6%,0.90-2.50,34.3%,1.30-1.80,72.4%,56,20.80
30,129,塔伦-霍顿-塔克,湖人,9.00,3.50-7.50,45.8%,0.60-2.00,28.2%,1.50-2.00,77.5%,65,20.10
31,129,罗宾-洛佩斯,奇才,9.00,3.80-6.00,63.3%,0.10-0.20,27.8%,1.40-1.90,72.3%,71,19.10
32,129,伊维察-祖巴茨,快船,9.00,3.60-5.50,65.2%,0.00-0.10,25%,1.90-2.40,78.9%,72,22.30
33,133,布鲁斯-布朗,篮网,8.80,3.60-6.50,55.6%,0.30-0.90,28.8%,1.30-1.80,73.5%,65,22.30
34,134,以赛亚-罗比,雷霆,8.70,3.40-7.00,48.3%,0.50-1.80,29.4%,1.40-1.90,74.4%,61,23.40
35,134,劳尔-内托,奇才,8.70,3.30-7.00,46.8%,1.00-2.60,39%,1.20-1.30,88.2%,64,21.90
36,136,雅各布-珀尔特尔,马刺,8.60,3.80-6.20,61.6%,0.00-0.00,0%,0.90-1.80,50.8%,69,26.70
37,136,里基-卢比奥,森林狼,8.60,2.80-7.30,38.8%,1.00-3.20,30.8%,1.90-2.20,86.7%,68,26.10
38,136,TJ-麦康奈尔,步行者,8.60,4.00-7.10,55.9%,0.20-0.70,31.3%,0.50-0.70,68.8%,69,26.00
39,139,罗伯特-科温顿,开拓者,8.50,2.90-7.30,40.1%,1.90-5.10,37.9%,0.70-0.90,80.6%,70,32.00
40,140,卡梅伦-佩恩,太阳,8.40,3.20-6.60,48.4%,1.20-2.80,44%,0.80-0.90,89.3%,60,18.00
41,141,卢克-肯纳德,快船,8.30,3.10-6.60,47.6%,1.60-3.60,44.6%,0.40-0.50,83.9%,63,19.60
42,142,斯特林-布朗,火箭,8.20,2.90-6.60,44.8%,1.80-4.20,42.3%,0.50-0.60,80.6%,51,24.10
43,143,杰迈克尔-格林,掘金,8.10,3.00-6.40,46.3%,1.40-3.40,39.9%,0.80-1.00,80.7%,58,19.30
44,143,尼古拉斯-巴图姆,快船,8.10,2.90-6.20,46.4%,1.60-4.10,40.4%,0.70-0.90,82.8%,67,27.40
45,145,泰雷斯-马克西,76人,8.00,3.20-7.00,46.2%,0.50-1.70,30.1%,1.00-1.10,87.1%,61,15.30
46,145,罗伯特-威廉姆斯,凯尔特人,8.00,3.60-5.00,72.1%,0.00-0.00,0%,0.90-1.40,61.6%,52,18.90
47,145,肯里奇-威廉姆斯,雷霆,8.00,3.30-6.20,53.3%,0.80-1.80,44.4%,0.60-0.90,57.1%,66,21.60
48,148,以赛亚-斯图尔特,活塞,7.90,3.30-6.00,55.3%,0.30-0.90,33.3%,0.90-1.40,69.6%,68,21.40
49,149,安芬尼-西蒙斯,开拓者,7.80,2.60-6.30,41.9%,1.90-4.40,42.6%,0.70-0.90,80.7%,64,17.30
50,150,托马什-萨托兰斯基,公牛,7.70,2.90-5.70,51.4%,0.70-2.00,35.6%,1.20-1.40,84.8%,58,22.50
1,150,佩顿-普里查德,凯尔特人,7.70,2.80-6.30,44%,1.50-3.80,41.1%,0.60-0.70,88.9%,66,19.20
2,152,加莱特-坦普尔,公牛,7.60,2.80-6.80,41.5%,1.20-3.60,33.5%,0.70-0.90,80%,56,27.30
3,152,特里斯坦-汤普森,凯尔特人,7.60,3.10-6.00,51.8%,0.00-0.10,0%,1.30-2.20,59.2%,54,23.80
4,152,史蒂文-亚当斯,鹈鹕,7.60,3.30-5.30,61.4%,0.00-0.10,0%,1.00-2.30,44.4%,58,27.70
5,155,埃德蒙-萨姆纳,步行者,7.50,2.80-5.30,52.5%,0.70-1.70,39.8%,1.30-1.60,81.9%,53,16.20
6,155,贾克森-海斯,鹈鹕,7.50,2.90-4.70,62.5%,0.10-0.20,42.9%,1.50-2.00,77.5%,60,16.10
7,155,德安德烈-乔丹,篮网,7.50,3.30-4.40,76.3%,0.00-0.00,0%,0.80-1.60,50%,57,21.90
8,158,肯特-贝兹莫尔,勇士,7.20,2.60-5.80,44.9%,1.10-2.80,40.8%,0.80-1.20,69.2%,67,19.90
9,158,胡安-埃尔南戈麦斯,森林狼,7.20,2.50-5.80,43.5%,1.10-3.20,32.7%,1.10-1.90,61.9%,52,17.30
10,158,阿龙-霍勒迪,步行者,7.20,2.60-6.60,39%,1.00-2.80,36.8%,1.00-1.30,81.9%,66,17.80
11,161,德雷蒙德-格林,勇士,7.00,2.70-6.00,44.7%,0.50-2.00,27%,1.10-1.40,79.5%,63,31.50
12,161,特伦斯-曼恩,快船,7.00,2.70-5.20,50.9%,0.60-1.40,41.8%,1.20-1.40,83%,67,18.90
13,161,德怀特-霍华德,76人,7.00,2.60-4.40,58.7%,0.10-0.30,25%,1.80-3.00,57.6%,69,17.30
14,161,罗伊斯-奥尼尔,爵士,7.00,2.50-5.60,44.4%,1.50-3.90,38.5%,0.60-0.60,84.8%,71,31.60
15,165,乔治-尼昂,爵士,6.90,2.50-5.60,43.7%,1.70-4.10,42.5%,0.30-0.30,95.7%,72,16.00
16,166,杰登-麦克丹尼尔斯,森林狼,6.80,2.60-5.80,44.7%,1.10-3.10,36.4%,0.40-0.70,60%,63,24.00
17,166,帕特-康诺顿,雄鹿,6.80,2.40-5.60,43.4%,1.50-3.90,37.1%,0.40-0.60,77.5%,69,22.80
18,166,小德里克-琼斯,开拓者,6.80,2.50-5.20,48.4%,0.70-2.30,31.6%,1.00-1.60,64.8%,58,22.70
19,169,马基夫-莫里斯,湖人,6.70,2.50-6.20,40.5%,1.10-3.40,31.1%,0.60-0.80,72%,61,19.70
20,170,泽维尔-蒂尔曼,灰熊,6.60,2.80-5.10,55.9%,0.40-1.10,33.8%,0.60-0.90,64.2%,59,18.40
21,170,特雷-伯克,独行侠,6.60,2.40-5.70,42.8%,0.90-2.70,35.4%,0.80-0.90,89.5%,62,14.70
22,172,达米恩-李,勇士,6.50,2.20-4.80,46.7%,1.40-3.40,39.7%,0.70-0.80,90.9%,57,18.90
23,172,登泽尔-瓦伦丁,公牛,6.50,2.50-6.70,37.3%,1.30-3.90,33.1%,0.30-0.30,94.1%,62,16.70
24,174,小凯拉-刘易斯,鹈鹕,6.40,2.40-6.20,38.6%,0.70-2.20,33.3%,0.80-0.90,84.3%,54,16.70
25,174,蒂莫泰-卢瓦乌-卡巴罗,篮网,6.40,2.20-6.10,36.5%,1.30-4.10,31.4%,0.60-0.70,81.4%,58,18.10
26,174,亚历克斯-卡鲁索,湖人,6.40,2.30-5.30,43.6%,0.90-2.40,40.1%,0.80-1.30,64.5%,58,21.00
27,177,德尼-阿夫迪亚,奇才,6.30,2.40-5.80,41.7%,1.00-3.10,31.5%,0.50-0.80,64.4%,54,23.30
28,177,泰厄斯-琼斯,灰熊,6.30,2.50-5.90,43.1%,0.60-2.00,32.1%,0.60-0.60,91.1%,70,17.50
29,179,阿隆-贝恩斯,猛龙,6.10,2.50-5.70,44.1%,0.50-1.90,26.2%,0.60-0.80,70.7%,53,18.50
30,179,法昆多-坎帕佐,掘金,6.10,1.90-4.80,38.1%,1.20-3.30,35.2%,1.20-1.40,87.9%,65,21.90
31,181,迪恩-韦德,骑士,6.00,2.10-4.90,43.1%,1.20-3.40,36.6%,0.50-0.60,76.9%,63,19.20
32,182,德怀特-鲍威尔,独行侠,5.90,2.10-3.30,61.9%,0.10-0.40,23.8%,1.70-2.10,78.2%,58,16.70
33,183,德鲁-尤班克斯,马刺,5.80,2.10-3.80,56.6%,0.00-0.00,100%,1.40-2.00,72.6%,54,14.00
34,184,德安德烈-本布里,猛龙,5.70,2.30-4.50,51.3%,0.30-1.00,26.4%,0.90-1.30,68.2%,51,19.10
35,184,托斯卡诺-安德森,勇士,5.70,2.30-3.90,57.9%,0.70-1.70,40.2%,0.40-0.60,71%,53,20.90
36,186,迈克尔-穆尔德,勇士,5.60,2.00-4.40,44.9%,1.40-3.60,39.7%,0.20-0.40,63.6%,60,12.80
37,187,加里森-马修斯,奇才,5.50,1.50-3.70,40.9%,1.20-3.10,38.4%,1.30-1.50,88.4%,64,16.20
38,187,德文-瓦塞尔,马刺,5.50,2.00-4.90,40.6%,0.80-2.40,34.7%,0.70-0.80,84.3%,62,17.00
39,189,约什-奥科吉,森林狼,5.40,1.70-4.30,40.2%,0.50-1.80,26.9%,1.40-1.80,76.9%,59,20.30
40,189,贾里德-范德比尔特,森林狼,5.40,2.20-3.70,60.6%,0.00-0.10,20%,0.90-1.60,55.9%,64,17.80
41,189,德里克-费沃斯,爵士,5.40,2.30-3.60,63.8%,0.00-0.00,0%,0.90-1.20,73.8%,68,15.30
42,192,威利-考利-斯坦,独行侠,5.30,2.20-3.40,63.2%,0.00-0.20,9.1%,0.90-1.50,62.8%,53,17.10
43,193,纳伦斯-诺埃尔,尼克斯,5.10,2.10-3.50,61.4%,0.00-0.10,0%,0.80-1.10,71.4%,64,24.20
44,193,塞古-敦布亚,活塞,5.10,1.90-5.00,37.9%,0.50-2.00,22.6%,0.80-1.10,70.3%,56,15.50
45,195,普雷舍斯-阿丘瓦,热火,5.00,2.00-3.70,54.4%,0.00-0.00,0%,0.90-1.80,50.9%,61,12.10
46,195,马克-加索尔,湖人,5.00,1.70-3.70,45.4%,1.00-2.30,41%,0.70-1.00,72%,52,19.10
47,195,凯莱布-马丁,黄蜂,5.00,1.80-4.80,37.5%,0.60-2.40,24.8%,0.80-1.20,64.1%,53,15.40
48,195,俾斯麦-比永博,黄蜂,5.00,2.10-3.70,58.7%,0.00-0.00,0%,0.70-1.60,44.8%,66,20.40
49,195,乔丹-麦克劳克林,森林狼,5.00,2.00-4.80,41.3%,0.60-1.80,35.9%,0.40-0.60,76.7%,51,18.40
50,200,韦斯利-马修斯,湖人,4.80,1.50-4.30,35.3%,1.10-3.40,33.5%,0.60-0.70,85.4%,58,19.50
1,201,格兰特-威廉姆斯,凯尔特人,4.70,1.70-3.90,43.7%,0.80-2.00,37.2%,0.50-0.80,58.8%,63,18.10
2,202,谢米-奥杰莱,凯尔特人,4.60,1.60-4.00,40.3%,1.00-2.80,36.7%,0.40-0.60,75%,56,17.00
3,203,所罗门-希尔,老鹰,4.50,1.50-4.20,35.9%,1.00-3.00,32.1%,0.50-0.60,76.1%,71,21.30
4,204,斯坦利-约翰逊,猛龙,4.40,1.50-3.80,38.2%,0.70-2.20,32.8%,0.70-0.90,80%,61,16.50
5,204,安德烈-伊格达拉,热火,4.40,1.50-3.90,38.3%,0.90-2.90,33%,0.40-0.60,65.8%,63,21.30
6,206,迈克-斯科特,76人,4.20,1.50-4.10,36%,1.00-3.00,34.2%,0.20-0.20,66.7%,51,16.70
7,207,杰文-卡特,太阳,4.10,1.60-3.70,42.2%,0.90-2.50,37.1%,0.10-0.10,57.1%,60,12.00
8,207,奥比-托平,尼克斯,4.10,1.70-3.40,49.8%,0.40-1.40,30.6%,0.30-0.40,73.1%,62,11.00
9,207,凯文-卢尼,勇士,4.10,1.80-3.20,54.8%,0.10-0.30,23.5%,0.50-0.80,64.6%,61,19.00
10,210,科迪-马丁,黄蜂,4.00,1.60-3.60,44.1%,0.30-1.10,27.6%,0.50-0.80,58.1%,52,16.30
11,211,马蒂斯-赛布尔,76人,3.90,1.60-3.70,42%,0.70-2.20,30.1%,0.10-0.30,44.4%,65,20.00
12,212,萨纳西斯-阿德托昆博,雄鹿,2.90,1.20-2.40,48.9%,0.10-0.50,24.1%,0.40-0.90,51%,57,9.70
13,213,米耶-奥尼,爵士,1.90,0.70-1.80,35.4%,0.60-1.60,34.1%,0.10-0.10,83.3%,54,9.60
